AtomicNumber,Symbol,Element,Type,Natural,Phase,Radioactive,Group,Period,Block,ElectronConfig,NobleGasConfig,NumberofValence,NumberofShells,Appearance,xpos,ypos,Density,HeatCapacity,HeatOfFusion,HeatOfVaporization,AtomicRadius,CovalentRadius,VanDerWaalsRadius,Electronegativity,OxidationStates,IonizationEnergy,ThermalConductivity,ElectronAffinity,Discovery,DiscoveredBy,AtomicMass,NumberofNeutrons,NumberofProtons,NumberofElectrons
1,H,Hydrogen,Nonmetal,Yes,Gas,No,1,1,s,1s1,1s1,1,1,Colorless Gas,1,1,8.988e-5,14.304,0.117,0.904,53,38,120,2.2,1,1312,0.1805,72.769,1766,H. Cavendish,1.008,0,1,1
2,He,Helium,Noble gas,Yes,Gas,No,18,1,s,1s2,1s2,NA,1,"Colorless Gas, Exhibiting A Red-Orange Glow When Placed In A High-Voltage Electric Field",18,1,1.785e-4,5.193,0.0138,0.0829,31,32,140,NA,0,2372.3,0.1513,-50,1868,"P. Janssen, N. Lockyer",4.0026,2,2,2
3,Li,Lithium,Alkali metal,Yes,Solid,No,1,2,s,1s2 2s1,[He] 2s1,1,2,Silvery-White,1,2,0.534,3.582,3,136,167,134,182,0.98,1,520.2,84.8,59.632,1817,A. Arfwedson,7,4,3,3
4,Be,Beryllium,Alkaline earth metal,Yes,Solid,No,2,2,s,1s2 2s2,[He] 2s2,2,2,White-Gray Metallic,2,2,1.85,1.825,7.895,292,112,90,153,1.57,2,899.5,200,-50,1798,N. Vauquelin,9.012183,5,4,4
5,B,Boron,Metalloid,Yes,Solid,No,13,2,p,1s2 2s2 2p1,[He] 2s2 2p1,3,2,Black-Brown,13,2,2.34,1.026,50.2,508,87,82,192,2.04,3,800.6,27.4,26.989,1808,"L. Gay-Lussac, L.J. Thénard",10.81,6,5,5
6,C,Carbon,Nonmetal,Yes,Solid,No,14,2,p,1s2 2s2 2p2,[He] 2s2 2p2,4,2,NA,14,2,2.267,0.709,117,NA,67,77,170,2.55,"-4,-3,-2,-1,0,1,2,3,4",1086.5,140,121.776,NA,NA,12.011,6,6,6
7,N,Nitrogen,Nonmetal,Yes,Gas,No,15,2,p,1s2 2s2 2p3,[He] 2s2 2p3,5,2,"Colorless Gas, Liquid Or Solid",15,2,0.0012506,1.04,0.72,5.57,56,75,155,3.04,"-3,2,3,4,5",1402.3,0.02583,-0.07,1772,D. Rutherford,14.007,7,7,7
8,O,Oxygen,Nonmetal,Yes,Gas,No,16,2,p,1s2 2s2 2p4,[He] 2s2 2p4,6,2,NA,16,2,0.001429,0.918,0.444,6.82,48,73,152,3.44,-2,1313.9,0.02658,140.976,1771,W. Scheele,15.999,8,8,8
9,F,Fluorine,Halogen,Yes,Gas,No,17,2,p,1s2 2s2 2p5,[He] 2s2 2p5,7,2,NA,17,2,0.001696,0.824,0.51,6.62,42,71,147,3.98,-1,1681,0.0277,328.164,1810,A.-M. Ampère,18.99840316,10,9,9
10,Ne,Neon,Noble gas,Yes,Gas,No,18,2,p,1s2 2s2 2p6,[He] 2s2 2p6,8,2,Colorless Gas Exhibiting An Orange-Red Glow When Placed In A High Voltage Electric Field,18,2,8.999e-4,1.03,0.335,1.71,38,69,154,NA,0,2080.7,0.0491,-120,1898,"W. Ramsay, W. Travers",20.18,10,10,10
11,Na,Sodium,Alkali metal,Yes,Solid,No,1,3,s,1s2 2s2 2p6 3s1,[Ne] 3s1,1,3,Silvery White Metallic,1,3,0.971,1.228,2.6,97.42,190,154,227,0.93,1,495.8,142,52.867,1807,H. Davy,22.9897693,12,11,11
12,Mg,Magnesium,Alkaline earth metal,Yes,Solid,No,2,3,s,1s2 2s2 2p6 3s2,[Ne] 3s2,2,3,Shiny Grey Solid,2,3,1.738,1.023,8.48,128,145,130,173,1.31,2,737.7,156,-40,1755,J. Black,24.305,12,12,12
13,Al,Aluminium,Post-transition metal,Yes,Solid,No,13,3,p,1s2 2s2 2p6 3s2 3p1,[Ne] 3s2 3p1,3,3,Silvery Gray Metallic,13,3,2.698,0.897,10.71,284,118,118,184,1.61,3,577.5,237,41.762,1825,H. C. Ørsted,26.981538,14,13,13
14,Si,Silicon,Metalloid,Yes,Solid,No,14,3,p,1s2 2s2 2p6 3s2 3p2,[Ne] 3s2 3p2,4,3,"Crystalline, Reflective With Bluish-Tinged Faces",14,3,2.3296,0.705,50.21,359,111,111,210,1.9,"-4,4",786.5,149,134.068,1823,J. Berzelius,28.085,14,14,14
15,P,Phosphorus,Nonmetal,Yes,Solid,No,15,3,p,1s2 2s2 2p6 3s2 3p3,[Ne] 3s2 3p3,5,3,"Colourless, Waxy White, Yellow, Scarlet, Red, Violet, Black",15,3,1.82,0.769,0.66,12.4,98,106,180,2.19,"-3,3,5",1011.8,0.236,72.037,1669,H. Brand,30.973762,16,15,15
16,S,Sulfur,Nonmetal,Yes,Solid,No,16,3,p,1s2 2s2 2p6 3s2 3p4,[Ne] 3s2 3p4,6,3,Lemon Yellow Sintered Microcrystals,16,3,2.067,0.71,1.727,45,88,102,180,2.58,"-2,2,4,6",999.6,0.205,200.41,NA,NA,32.07,16,16,16
17,Cl,Chlorine,Halogen,Yes,Gas,No,17,3,p,1s2 2s2 2p6 3s2 3p5,[Ne] 3s2 3p5,7,3,Pale Yellow-Green Gas,17,3,0.003214,0.479,6.406,20.41,79,99,175,3.16,"-1,1,3,5,7",1251.2,0.0089,348.575,1774,W. Scheele,35.45,18,17,17
18,Ar,Argon,Noble gas,Yes,Gas,No,18,3,p,1s2 2s2 2p6 3s2 3p6,[Ne] 3s2 3p6,8,3,Colorless Gas Exhibiting A Lilac/Violet Glow When Placed In A High Voltage Electric Field,18,3,0.0017837,0.52,1.18,6.53,71,97,188,NA,0,1520.6,0.01772,-96,1894,"Lord Rayleig, W. Ramsay",39.9,22,18,18
19,K,Potassium,Alkali metal,Yes,Solid,No,1,4,s,1s2 2s2 2p6 3s2 3p6 4s1,[Ar] 4s1,1,4,Silvery Gray,1,4,0.862,0.757,2.321,76.9,243,196,275,0.82,1,418.8,102.5,48.383,1807,H. Davy,39.0983,20,19,19
20,Ca,Calcium,Alkaline earth metal,Yes,Solid,No,2,4,s,1s2 2s2 2p6 3s2 3p6 4s2,[Ar] 4s2,2,4,NA,2,4,1.54,0.647,8.54,154.7,194,174,231,1,2,589.8,201,2.37,1808,H. Davy,40.08,20,20,20
21,Sc,Scandium,Transition metal,Yes,Solid,No,3,4,d,1s2 2s2 2p6 3s2 3p6 4s2 3d1,[Ar] 3d1 4s2,NA,4,Silvery White,3,4,2.989,0.568,14.1,332.7,184,144,211,1.36,3,633.1,15.8,18,1879,F. Nilson,44.95591,24,21,21
22,Ti,Titanium,Transition metal,Yes,Solid,No,4,4,d,1s2 2s2 2p6 3s2 3p6 4s2 3d2,[Ar] 3d2 4s2,NA,4,Silvery Grey-White Metallic,4,4,4.54,0.523,14.15,425,176,136,NA,1.54,"3,4",658.8,21.9,8,1791,W. Gregor,47.867,26,22,22
23,V,Vanadium,Transition metal,Yes,Solid,No,5,4,d,1s2 2s2 2p6 3s2 3p6 4s2 3d3,[Ar] 3d3 4s2,NA,4,Blue-Silver-Grey Metal,5,4,6.11,0.489,21.5,444,171,125,NA,1.63,"2,3,4,5",650.9,30.7,50.911,1801,M. del Río,50.9415,28,23,23
24,Cr,Chromium,Transition metal,Yes,Solid,No,6,4,d,1s2 2s2 2p6 3s2 3p6 4s1 3d5,[Ar] 3d5 4s1,NA,4,Silvery Metallic,6,4,7.15,0.449,21,339.5,166,127,NA,1.66,"2,3,6",652.9,93.9,65.21,1794,N. Vauquelin,51.996,28,24,24
25,Mn,Manganese,Transition metal,Yes,Solid,No,7,4,d,1s2 2s2 2p6 3s2 3p6 4s2 3d5,[Ar] 3d5 4s2,NA,4,Silvery Metallic,7,4,7.44,0.479,12.91,221,161,139,NA,1.55,"2,3,4,6,7",717.3,7.81,-50,1774,W. Scheele,54.93804,30,25,25
26,Fe,Iron,Transition metal,Yes,Solid,No,8,4,d,1s2 2s2 2p6 3s2 3p6 4s2 3d6,[Ar] 3d6 4s2,NA,4,Lustrous Metallic With A Grayish Tinge,8,4,7.874,0.449,13.81,340,156,125,NA,1.83,"2,3,6",762.5,80.4,14.785,NA,NA,55.84,30,26,26
27,Co,Cobalt,Transition metal,Yes,Solid,No,9,4,d,1s2 2s2 2p6 3s2 3p6 4s2 3d7,[Ar] 3d7 4s2,NA,4,Hard Lustrous Gray Metal,9,4,8.86,0.421,16.06,377,152,126,NA,1.88,"2,3",760.4,100,63.898,1735,G. Brandt,58.93319,32,27,27
28,Ni,Nickel,Transition metal,Yes,Solid,No,10,4,d,1s2 2s2 2p6 3s2 3p6 4s2 3d8,[Ar] 3d8 4s2,NA,4,"Lustrous, Metallic, And Silver With A Gold Tinge",10,4,8.912,0.444,17.48,379,149,121,163,1.91,"2,3",737.1,90.9,111.65,1751,F. Cronstedt,58.693,31,28,28
29,Cu,Copper,Transition metal,Yes,Solid,No,11,4,d,1s2 2s2 2p6 3s2 3p6 4s1 3d10,[Ar] 3d10 4s1,NA,4,Red-Orange Metallic Luster,11,4,8.96,0.385,13.26,300.4,145,138,140,1.9,"1,2",745.5,401,119.235,NA,NA,63.55,35,29,29
30,Zn,Zinc,Transition metal,Yes,Solid,No,12,4,d,1s2 2s2 2p6 3s2 3p6 4s2 3d10,[Ar] 3d10 4s2,NA,4,Silver-Gray,12,4,7.134,0.388,7.32,115,142,131,139,1.65,2,906.4,116,-60,NA,NA,65.4,35,30,30
31,Ga,Gallium,Post-transition metal,Yes,Solid,No,13,4,p,1s2 2s2 2p6 3s2 3p6 4s2 3d10 4p1,[Ar] 3d10 4s2 4p1,3,4,Silver-White,13,4,5.907,0.371,5.59,256,136,126,187,1.81,3,578.8,40.6,41,1875,P. E. L. de Boisbaudran,69.723,39,31,31
32,Ge,Germanium,Metalloid,Yes,Solid,No,14,4,p,1s2 2s2 2p6 3s2 3p6 4s2 3d10 4p2,[Ar] 3d10 4s2 4p2,4,4,Grayish-White,14,4,5.323,0.32,36.94,334,125,122,211,2.01,"-4,2,4",762,60.2,118.935,1886,C. A. Winkler,72.63,41,32,32
33,As,Arsenic,Metalloid,Yes,Solid,No,15,4,p,1s2 2s2 2p6 3s2 3p6 4s2 3d10 4p3,[Ar] 3d10 4s2 4p3,5,4,Metallic Grey,15,4,5.776,0.329,24.44,32.4,114,119,185,2.18,"-3,3,5",947,50.2,77.65,NA,NA,74.92159,42,33,33
34,Se,Selenium,Nonmetal,Yes,Solid,No,16,4,p,1s2 2s2 2p6 3s2 3p6 4s2 3d10 4p4,[Ar] 3d10 4s2 4p4,6,4,"Black, Red, And Gray (Not Pictured) Allotropes",16,4,4.809,0.321,6.69,95.48,103,116,190,2.55,"-2,2,4,6",941,0.519,194.958,1817,"J. Berzelius, G. Gahn",78.97,45,34,34
35,Br,Bromine,Halogen,Yes,Liquid,No,17,4,p,1s2 2s2 2p6 3s2 3p6 4s2 3d10 4p5,[Ar] 3d10 4s2 4p5,7,4,NA,17,4,3.122,0.474,10.57,29.96,94,114,185,2.96,"-1,1,3,5,7",1139.9,0.12,324.537,1825,"J. Balard, C. Löwig",79.9,45,35,35
36,Kr,Krypton,Noble gas,Yes,Gas,No,18,4,p,1s2 2s2 2p6 3s2 3p6 4s2 3d10 4p6,[Ar] 3d10 4s2 4p6,8,4,"Colorless Gas, Exhibiting A Whitish Glow In A High Electric Field",18,4,0.003733,0.248,1.64,9.08,88,110,202,3,0,1350.8,0.00943,-60,1898,"W. Ramsay, W. Travers",83.8,48,36,36
37,Rb,Rubidium,Alkali metal,Yes,Solid,No,1,5,s,1s2 2s2 2p6 3s2 3p6 4s2 3d10 4p6 5s1,[Kr] 5s1,1,5,Grey White,1,5,1.532,0.363,2.19,75.77,265,211,303,0.82,1,403,58.2,46.884,1861,"R. Bunsen, G. R. Kirchhoff",85.468,48,37,37
38,Sr,Strontium,Alkaline earth metal,Yes,Solid,No,2,5,s,1s2 2s2 2p6 3s2 3p6 4s2 3d10 4p6 5s2,[Kr] 5s2,2,5,NA,2,5,2.64,0.301,7.43,141,219,192,249,0.95,2,549.5,35.4,5.023,1787,W. Cruikshank,87.62,50,38,38
39,Y,Yttrium,Transition metal,Yes,Solid,No,3,5,d,1s2 2s2 2p6 3s2 3p6 4s2 3d10 4p6 5s2 4d1,[Kr] 4d1 5s2,NA,5,Silvery White,3,5,4.469,0.298,11.42,390,212,162,NA,1.22,3,600,17.2,29.6,1794,J. Gadolin,88.90584,50,39,39
40,Zr,Zirconium,Transition metal,Yes,Solid,No,4,5,d,1s2 2s2 2p6 3s2 3p6 4s2 3d10 4p6 5s2 4d2,[Kr] 4d2 5s2,NA,5,Silvery White,4,5,6.506,0.278,14,573,206,148,NA,1.33,4,640.1,22.6,41.81,1789,H. Klaproth,91.22,51,40,40
41,Nb,Niobium,Transition metal,Yes,Solid,No,5,5,d,1s2 2s2 2p6 3s2 3p6 4s2 3d10 4p6 5s1 4d4,[Kr] 4d4 5s1,NA,5,"Gray Metallic, Bluish When Oxidized",5,5,8.57,0.265,30,689.9,198,137,NA,1.6,"3,5",652.1,53.7,88.516,1801,C. Hatchett,92.90637,52,41,41
42,Mo,Molybdenum,Transition metal,Yes,Solid,No,6,5,d,1s2 2s2 2p6 3s2 3p6 4s2 3d10 4p6 5s1 4d5,[Kr] 4d5 5s1,NA,5,Gray Metallic,6,5,10.22,0.251,37.48,617,190,145,NA,2.16,"2,3,4,5,6",684.3,138,72.1,1778,W. Scheele,95.95,54,42,42
43,Tc,Technetium,Transition metal,No,Solid,Yes,7,5,d,1s2 2s2 2p6 3s2 3p6 4s2 3d10 4p6 5s2 4d5,[Kr] 4d5 5s2,NA,5,Shiny Gray Metal,7,5,11.5,NA,33.29,585.2,183,156,NA,1.9,"4,7",702,50.6,53.067,1937,C. Perrier and E. Segrè,96.90636,55,43,43
44,Ru,Ruthenium,Transition metal,Yes,Solid,No,8,5,d,1s2 2s2 2p6 3s2 3p6 4s2 3d10 4p6 5s1 4d7,[Kr] 4d7 5s1,NA,5,Silvery White Metallic,8,5,12.37,0.238,38.59,619,178,126,NA,2.2,"3,4,6",710.2,117,100.96,1844,K. Claus,101.1,57,44,44
45,Rh,Rhodium,Transition metal,Yes,Solid,No,9,5,d,1s2 2s2 2p6 3s2 3p6 4s2 3d10 4p6 5s1 4d8,[Kr] 4d8 5s1,NA,5,Silvery White Metallic,9,5,12.41,0.243,26.59,494,173,135,NA,2.28,"3,4",719.7,150,110.27,1804,H. Wollaston,102.9055,58,45,45
46,Pd,Palladium,Transition metal,Yes,Solid,No,10,5,d,1s2 2s2 2p6 3s2 3p6 4s2 3d10 4p6 4d10,[Kr] 4d10,NA,5,Silvery White,10,5,12.02,0.244,16.74,358,169,131,163,2.2,"2,4",804.4,71.8,54.24,1802,H. Wollaston,106.42,60,46,46
47,Ag,Silver,Transition metal,Yes,Solid,No,11,5,d,1s2 2s2 2p6 3s2 3p6 4s2 3d10 4p6 5s1 4d10,[Kr] 4d10 5s1,NA,5,Lustrous White Metal,11,5,10.501,0.235,11.28,254,165,153,172,1.93,"1,2",731,429,125.862,NA,NA,107.868,61,47,47
48,Cd,Cadmium,Transition metal,Yes,Solid,No,12,5,d,1s2 2s2 2p6 3s2 3p6 4s2 3d10 4p6 5s2 4d10,[Kr] 4d10 5s2,NA,5,Silvery Bluish-Gray Metallic,12,5,8.69,0.232,6.21,99.87,161,148,158,1.69,2,867.8,96.6,-70,1817,"S. L Hermann, F. Stromeyer, J.C.H. Roloff",112.41,64,48,48
49,In,Indium,Post-transition metal,Yes,Solid,No,13,5,p,1s2 2s2 2p6 3s2 3p6 4s2 3d10 4p6 5s2 4d10 5p1,[Kr] 4d10 5s2 5p1,3,5,Silvery Lustrous Gray,13,5,7.31,0.233,3.281,231.8,156,144,193,1.78,3,558.3,81.8,28.95,1863,"F. Reich, T. Richter",114.818,66,49,49
50,Sn,Tin,Post-transition metal,Yes,Solid,No,14,5,p,1s2 2s2 2p6 3s2 3p6 4s2 3d10 4p6 5s2 4d10 5p2,[Kr] 4d10 5s2 5p2,4,5,"Silvery-White (Beta, Β) Or Gray (Alpha, Α)",14,5,7.287,0.228,7.03,296.1,145,141,217,1.96,"-4,2,4",708.6,66.8,107.298,NA,NA,118.71,69,50,50
51,Sb,Antimony,Metalloid,Yes,Solid,No,15,5,p,1s2 2s2 2p6 3s2 3p6 4s2 3d10 4p6 5s2 4d10 5p3,[Kr] 4d10 5s2 5p3,5,5,Silvery Lustrous Gray,15,5,6.685,0.207,19.79,193.43,133,138,206,2.05,"-3,3,5",834,24.4,101.059,NA,NA,121.76,71,51,51
52,Te,Tellurium,Metalloid,Yes,Solid,No,16,5,p,1s2 2s2 2p6 3s2 3p6 4s2 3d10 4p6 5s2 4d10 5p4,[Kr] 4d10 5s2 5p4,6,5,NA,16,5,6.232,0.202,17.49,114.1,123,135,206,2.1,"-2,2,4,6",869.3,3,190.161,1782,F.-J.M. von Reichenstein,127.6,76,52,52
53,I,Iodine,Halogen,Yes,Solid,No,17,5,p,1s2 2s2 2p6 3s2 3p6 4s2 3d10 4p6 5s2 4d10 5p5,[Kr] 4d10 5s2 5p5,7,5,"Lustrous Metallic Gray, Violet As A Gas",17,5,4.93,0.214,15.52,41.57,115,133,198,2.66,"-1,1,3,5,7",1008.4,0.45,295.1531,1811,B. Courtois,126.9045,74,53,53
54,Xe,Xenon,Noble gas,Yes,Gas,No,18,5,p,1s2 2s2 2p6 3s2 3p6 4s2 3d10 4p6 5s2 4d10 5p6,[Kr] 4d10 5s2 5p6,8,5,"Colorless Gas, Exhibiting A Blue Glow When Placed In A High Voltage Electric Field",18,5,0.005887,0.158,2.27,12.64,108,130,216,2.6,"2,4,6",1170.4,0.00565,-80,1898,"W. Ramsay, W. Travers",131.29,77,54,54
55,Cs,Cesium,Alkali metal,Yes,Solid,No,1,6,s,1s2 2s2 2p6 3s2 3p6 4s2 3d10 4p6 5s2 4d10 5p6 6s1,[Xe] 6s1,1,6,Silvery Gold,1,6,1.873,0.242,2.09,63.9,298,225,343,0.79,1,375.7,35.9,45.505,1860,"R. Bunsen, R. Kirchhoff",132.905452,78,55,55
56,Ba,Barium,Alkaline earth metal,Yes,Solid,No,2,6,s,1s2 2s2 2p6 3s2 3p6 4s2 3d10 4p6 5s2 4d10 5p6 6s2,[Xe] 6s2,2,6,NA,2,6,3.594,0.204,7.12,140.3,253,198,268,0.89,2,502.9,18.4,13.954,1772,W. Scheele,137.33,81,56,56
57,La,Lanthanum,Lanthanide,Yes,Solid,No,3,6,d,1s2 2s2 2p6 3s2 3p6 4s2 3d10 4p6 5s2 4d10 5p6 6s2 5d1,[Xe] 5d1 6s2,NA,6,Silvery White,3,6,6.145,0.195,6.2,400,195,169,NA,1.1,3,538.1,13.4,45.3,1838,G. Mosander,138.9055,82,57,57
58,Ce,Cerium,Lanthanide,Yes,Solid,No,3,6,f,1s2 2s2 2p6 3s2 3p6 4s2 3d10 4p6 5s2 4d10 5p6 6s2 5d1 4f1,[Xe] 4f1 5d1 6s2,NA,6,Silvery White,4,9,6.77,0.192,5.46,398,158,NA,NA,1.12,"3,4",534.4,11.3,62.75,1803,"H. Klaproth, J. Berzelius, W. Hisinger",140.116,82,58,58
59,Pr,Praseodymium,Lanthanide,Yes,Solid,No,3,6,f,1s2 2s2 2p6 3s2 3p6 4s2 3d10 4p6 5s2 4d10 5p6 6s2 4f3,[Xe] 4f3 6s2,NA,6,Grayish White,5,9,6.773,0.193,6.89,331,247,NA,NA,1.13,3,527,12.5,93,1885,C. A. von Welsbach,140.90766,82,59,59
60,Nd,Neodymium,Lanthanide,Yes,Solid,No,3,6,f,1s2 2s2 2p6 3s2 3p6 4s2 3d10 4p6 5s2 4d10 5p6 6s2 4f4,[Xe] 4f4 6s2,NA,6,Silvery White,6,9,7.007,0.19,7.14,289,206,NA,NA,1.14,3,533.1,16.5,184.87,1885,C. A. von Welsbach,144.24,84,60,60
61,Pm,Promethium,Lanthanide,No,Solid,Yes,3,6,f,1s2 2s2 2p6 3s2 3p6 4s2 3d10 4p6 5s2 4d10 5p6 6s2 4f5,[Xe] 4f5 6s2,NA,6,Metallic,7,9,7.26,NA,7.13,289,205,NA,NA,1.13,3,540,17.9,12.45,1942,"S. Wu, E.G. Segrè,d H. Bethe",144.91276,84,61,61
62,Sm,Samarium,Lanthanide,Yes,Solid,No,3,6,f,1s2 2s2 2p6 3s2 3p6 4s2 3d10 4p6 5s2 4d10 5p6 6s2 4f6,[Xe] 4f6 6s2,NA,6,Silvery White,8,9,7.52,0.197,8.62,192,238,NA,NA,1.17,3,544.5,13.3,15.63,1879,P.E.L. de Boisbaudran,150.4,88,62,62
63,Eu,Europium,Lanthanide,Yes,Solid,No,3,6,f,1s2 2s2 2p6 3s2 3p6 4s2 3d10 4p6 5s2 4d10 5p6 6s2 4f7,[Xe] 4f7 6s2,NA,6,NA,9,9,5.243,0.182,9.21,176,231,NA,NA,1.2,"2,3",547.1,13.9,83.36,1896,E.-A. Demarçay,151.964,89,63,63
64,Gd,Gadolinium,Lanthanide,Yes,Solid,No,3,6,f,1s2 2s2 2p6 3s2 3p6 4s2 3d10 4p6 5s2 4d10 5p6 6s2 4f7 5d1,[Xe] 4f7 5d1 6s2,NA,6,Silvery White,10,9,7.895,0.236,10.05,301.3,233,NA,NA,1.2,3,593.4,10.6,13.22,1880,J. C. G. de Marignac,157.25,93,64,64
65,Tb,Terbium,Lanthanide,Yes,Solid,No,3,6,f,1s2 2s2 2p6 3s2 3p6 4s2 3d10 4p6 5s2 4d10 5p6 6s2 4f9,[Xe] 4f9 6s2,NA,6,Silvery White,11,9,8.229,0.182,10.15,391,225,NA,NA,1.2,3,565.8,11.1,112.4,1843,G. Mosander,158.92535,94,65,65
66,Dy,Dysprosium,Lanthanide,Yes,Solid,No,3,6,f,1s2 2s2 2p6 3s2 3p6 4s2 3d10 4p6 5s2 4d10 5p6 6s2 4f10,[Xe] 4f10 6s2,NA,6,Silvery White,12,9,8.55,0.17,11.06,280,228,NA,NA,1.22,3,573,10.7,33.96,1886,P.E.L. de Boisbaudran,162.5,97,66,66
67,Ho,Holmium,Lanthanide,Yes,Solid,No,3,6,f,1s2 2s2 2p6 3s2 3p6 4s2 3d10 4p6 5s2 4d10 5p6 6s2 4f11,[Xe] 4f11 6s2,NA,6,Silvery White,13,9,8.795,0.165,17,251,226,NA,NA,1.23,3,581,16.2,32.61,1878,J.-L. Soret,164.93033,98,67,67
68,Er,Erbium,Lanthanide,Yes,Solid,No,3,6,f,1s2 2s2 2p6 3s2 3p6 4s2 3d10 4p6 5s2 4d10 5p6 6s2 4f12,[Xe] 4f12 6s2,NA,6,Silvery White,14,9,9.066,0.168,19.9,280,226,NA,NA,1.24,3,589.3,14.5,30.1,1843,G. Mosander,167.26,99,68,68
69,Tm,Thulium,Lanthanide,Yes,Solid,No,3,6,f,1s2 2s2 2p6 3s2 3p6 4s2 3d10 4p6 5s2 4d10 5p6 6s2 4f13,[Xe] 4f13 6s2,NA,6,Silvery Gray,15,9,9.321,0.16,16.84,191,222,NA,NA,1.25,3,596.7,16.9,99,1879,T. Cleve,168.93422,100,69,69
70,Yb,Ytterbium,Lanthanide,Yes,Solid,No,3,6,f,1s2 2s2 2p6 3s2 3p6 4s2 3d10 4p6 5s2 4d10 5p6 6s2 4f14,[Xe] 4f14 6s2,NA,6,NA,16,9,6.965,0.155,7.66,129,222,NA,NA,1.1,3,603.4,38.5,-1.93,1878,J.C.G. de Marignac,173.05,103,70,70
71,Lu,Lutetium,Lanthanide,Yes,Solid,No,3,6,f,1s2 2s2 2p6 3s2 3p6 4s2 3d10 4p6 5s2 4d10 5p6 6s2 4f14 5d1,[Xe] 4f14 5d1 6s2,NA,6,Silvery White,17,9,9.84,0.154,22,414,217,160,NA,1.27,3,523.5,16.4,33.4,1906,"C. A. von Welsbach, G. Urbain",174.9667,104,71,71
72,Hf,Hafnium,Transition metal,Yes,Solid,No,4,6,d,1s2 2s2 2p6 3s2 3p6 4s2 3d10 4p6 5s2 4d10 5p6 6s2 4f14 5d2,[Xe] 4f14 5d2 6s2,NA,6,Steel Gray,4,6,13.31,0.144,27.2,648,208,150,NA,1.3,4,658.5,23,1.64,1922,"D. Coster, G. von Hevesy",178.49,106,72,72
73,Ta,Tantalum,Transition metal,Yes,Solid,No,5,6,d,1s2 2s2 2p6 3s2 3p6 4s2 3d10 4p6 5s2 4d10 5p6 6s2 4f14 5d3,[Xe] 4f14 5d3 6s2,NA,6,Gray Blue,5,6,16.654,0.14,36.57,732.8,200,138,NA,1.5,5,761,57.5,31,1802,G. Ekeberg,180.9479,108,73,73
74,W,Tungsten,Transition metal,Yes,Solid,No,6,6,d,1s2 2s2 2p6 3s2 3p6 4s2 3d10 4p6 5s2 4d10 5p6 6s2 4f14 5d4,[Xe] 4f14 5d4 6s2,NA,6,"Grayish White, Lustrous",6,6,19.25,0.132,52.31,806.7,193,146,NA,2.36,"2,3,4,5,6",770,173,78.76,1781,W. Scheele,183.84,110,74,74
75,Re,Rhenium,Transition metal,Yes,Solid,No,7,6,d,1s2 2s2 2p6 3s2 3p6 4s2 3d10 4p6 5s2 4d10 5p6 6s2 4f14 5d5,[Xe] 4f14 5d5 6s2,NA,6,Silvery-Grayish,7,6,21.02,0.137,60.43,704,188,159,NA,1.9,"2,4,6,7",760,48,5.8273,1908,M. Ogawa,186.207,111,75,75
76,Os,Osmium,Transition metal,Yes,Solid,No,8,6,d,1s2 2s2 2p6 3s2 3p6 4s2 3d10 4p6 5s2 4d10 5p6 6s2 4f14 5d6,[Xe] 4f14 5d6 6s2,NA,6,"Silvery, Blue Cast",8,6,22.61,0.13,57.85,678,185,128,NA,2.2,"2,3,4,6,8",840,87.6,106.1,1803,S. Tennant,190.2,114,76,76
77,Ir,Iridium,Transition metal,Yes,Solid,No,9,6,d,1s2 2s2 2p6 3s2 3p6 4s2 3d10 4p6 5s2 4d10 5p6 6s2 4f14 5d7,[Xe] 4f14 5d7 6s2,NA,6,Silvery White,9,6,22.56,0.131,41.12,564,180,137,NA,2.2,"2,3,4,6",880,147,150.94,1803,S. Tennant,192.22,115,77,77
78,Pt,Platinum,Transition metal,Yes,Solid,No,10,6,d,1s2 2s2 2p6 3s2 3p6 4s2 3d10 4p6 5s2 4d10 5p6 6s1 4f14 5d9,[Xe] 4f14 5d9 6s1,NA,6,Silvery White,10,6,21.46,0.133,22.17,510,177,128,175,2.28,"2,4",870,71.6,205.041,1735,A. de Ulloa,195.08,117,78,78
79,Au,Gold,Transition metal,Yes,Solid,No,11,6,d,1s2 2s2 2p6 3s2 3p6 4s2 3d10 4p6 5s2 4d10 5p6 6s1 4f14 5d10,[Xe] 4f14 5d10 6s1,NA,6,Metallic Yellow,11,6,19.282,0.129,12.55,342,174,144,166,2.54,"1,3",890.1,318,222.747,NA,NA,196.96657,118,79,79
80,Hg,Mercury,Transition metal,Yes,Liquid,No,12,6,d,1s2 2s2 2p6 3s2 3p6 4s2 3d10 4p6 5s2 4d10 5p6 6s2 4f14 5d10,[Xe] 4f14 5d10 6s2,NA,6,Silvery,12,6,13.5336,0.14,2.29,59.11,171,149,155,2,"1,2",1007.1,8.3,-50,NA,NA,200.59,121,80,80
81,Tl,Thallium,Post-transition metal,Yes,Solid,No,13,6,p,1s2 2s2 2p6 3s2 3p6 4s2 3d10 4p6 5s2 4d10 5p6 6s2 4f14 5d10 6p1,[Xe] 4f14 5d10 6s2 6p1,3,6,Silvery White,13,6,11.85,0.129,4.14,165,156,148,196,1.62,"1,3",589.4,46.1,36.4,1861,W. Crookes,204.383,123,81,81
82,Pb,Lead,Post-transition metal,Yes,Solid,No,14,6,p,1s2 2s2 2p6 3s2 3p6 4s2 3d10 4p6 5s2 4d10 5p6 6s2 4f14 5d10 6p2,[Xe] 4f14 5d10 6s2 6p2,4,6,Metallic Gray,14,6,11.342,0.129,4.77,179.5,154,147,202,1.87,"2,4",715.6,35.3,34.4204,NA,NA,207,125,82,82
83,Bi,Bismuth,Post-transition metal,Yes,Solid,No,15,6,p,1s2 2s2 2p6 3s2 3p6 4s2 3d10 4p6 5s2 4d10 5p6 6s2 4f14 5d10 6p3,[Xe] 4f14 5d10 6s2 6p3,5,6,Lustrous Silver,15,6,9.807,0.122,11.3,179,143,146,207,2.02,"3,5",703,7.97,90.924,1753,C.F. Geoffroy,208.9804,126,83,83
84,Po,Polonium,Metalloid,Yes,Solid,Yes,16,6,p,1s2 2s2 2p6 3s2 3p6 4s2 3d10 4p6 5s2 4d10 5p6 6s2 4f14 5d10 6p4,[Xe] 4f14 5d10 6s2 6p4,6,6,Silvery,16,6,9.32,NA,13,102.91,135,NA,197,2,"-2,2,4,6",812.1,NA,183.3,1898,"P. Curie, M. Curie",208.98243,126,84,84
85,At,Astatine,Halogen,Yes,Solid,Yes,17,6,p,1s2 2s2 2p6 3s2 3p6 4s2 3d10 4p6 5s2 4d10 5p6 6s2 4f14 5d10 6p5,[Xe] 4f14 5d10 6s2 6p5,7,6,"Unknown, Probably Metallic",17,6,7,NA,NA,54.39,127,NA,202,2.2,"-1,1,3,5,7",899.003,1.7,221.9,1940,"R. Corson, R. MacKenzie, E. Segrè",209.98715,125,85,85
86,Rn,Radon,Noble gas,Yes,Gas,Yes,18,6,p,1s2 2s2 2p6 3s2 3p6 4s2 3d10 4p6 5s2 4d10 5p6 6s2 4f14 5d10 6p6,[Xe] 4f14 5d10 6s2 6p6,8,6,"Colorless Gas, Occasionally Glows Green Or Red In Discharge Tubes",18,6,0.00973,0.094,3.247,18.1,120,145,220,2.2,"0,2,6",1037,0.00361,-70,1899,"E. Rutherford, R. B. Owens",222.01758,136,86,86
87,Fr,Francium,Alkali metal,Yes,Solid,Yes,1,7,s,1s2 2s2 2p6 3s2 3p6 4s2 3d10 4p6 5s2 4d10 5p6 6s2 4f14 5d10 6p6 7s1,[Rn] 7s1,1,7,NA,1,7,1.87,NA,2,65,NA,NA,348,0.7,1,380,NA,46.89,1939,M. Perey,223.01973,136,87,87
88,Ra,Radium,Alkaline earth metal,Yes,Solid,Yes,2,7,s,1s2 2s2 2p6 3s2 3p6 4s2 3d10 4p6 5s2 4d10 5p6 6s2 4f14 5d10 6p6 7s2,[Rn] 7s2,2,7,Silvery White Metallic,2,7,5.5,0.094,8.5,113,NA,NA,283,0.9,2,509.3,18.6,9.6485,1898,"P. Curie, M. Curie",226.02541,138,88,88
89,Ac,Actinium,Actinide,Yes,Solid,Yes,3,7,d,1s2 2s2 2p6 3s2 3p6 4s2 3d10 4p6 5s2 4d10 5p6 6s2 4f14 5d10 6p6 7s2 6d1,[Rn] 6d1 7s2,NA,7,NA,3,7,10.07,0.12,14,400,NA,NA,NA,1.1,3,499,12,33.77,1902,F. O. Giesel,227.02775,138,89,89
90,Th,Thorium,Actinide,Yes,Solid,Yes,3,7,f,1s2 2s2 2p6 3s2 3p6 4s2 3d10 4p6 5s2 4d10 5p6 6s2 4f14 5d10 6p6 7s2 6d2,[Rn] 6d2 7s2,NA,7,"Silvery, Often With Black Tarnish",4,10,11.72,0.113,13.81,514,NA,NA,NA,1.3,4,587,54,112.72,1829,J. Berzelius,232.038,142,90,90
91,Pa,Protactinium,Actinide,Yes,Solid,Yes,3,7,f,1s2 2s2 2p6 3s2 3p6 4s2 3d10 4p6 5s2 4d10 5p6 6s2 4f14 5d10 6p6 7s2 5f2 6d1,[Rn] 5f2 6d1 7s2,NA,7,"Bright, Silvery Metallic Luster",5,10,15.37,NA,12.34,481,NA,NA,NA,1.5,5,568,47,53.03,1913,"O. H. Göhring, K. Fajans",231.03588,140,91,91
92,U,Uranium,Actinide,Yes,Solid,Yes,3,7,f,1s2 2s2 2p6 3s2 3p6 4s2 3d10 4p6 5s2 4d10 5p6 6s2 4f14 5d10 6p6 7s2 5f3 6d1,[Rn] 5f3 6d1 7s2,NA,7,NA,6,10,18.95,0.116,9.14,417.1,NA,NA,186,1.38,6,597.6,27.5,50.94,1789,H. Klaproth,238.0289,146,92,92
93,Np,Neptunium,Actinide,No,Solid,Yes,3,7,f,1s2 2s2 2p6 3s2 3p6 4s2 3d10 4p6 5s2 4d10 5p6 6s2 4f14 5d10 6p6 7s2 5f4 6d1,[Rn] 5f4 6d1 7s2,NA,7,Silvery Metallic,7,10,20.45,NA,3.2,336,NA,NA,NA,1.36,5,604.5,6.3,45.85,1940,"E.M. McMillan, H. Abelson",237.048172,144,93,93
94,Pu,Plutonium,Actinide,No,Solid,Yes,3,7,f,1s2 2s2 2p6 3s2 3p6 4s2 3d10 4p6 5s2 4d10 5p6 6s2 4f14 5d10 6p6 7s2 5f6,[Rn] 5f6 7s2,NA,7,"Silvery White, Tarnishing To Dark Gray In Air",8,10,19.84,NA,2.82,333.5,NA,NA,NA,1.28,4,584.7,6.74,-48.33,1941,"Glenn T. Seaborg, Arthur C. Wahl, W. Kennedy, E.M. McMillan",244.0642,150,94,94
95,Am,Americium,Actinide,No,Solid,Yes,3,7,f,1s2 2s2 2p6 3s2 3p6 4s2 3d10 4p6 5s2 4d10 5p6 6s2 4f14 5d10 6p6 7s2 5f7,[Rn] 5f7 7s2,NA,7,Silvery White,9,10,13.69,NA,14.39,NA,NA,NA,NA,1.13,3,578,10,9.93,1944,"G. T. Seaborg, R. A. James, O. Morgan, A. Ghiorso",243.06138,148,95,95
96,Cm,Curium,Actinide,No,Solid,Yes,3,7,f,1s2 2s2 2p6 3s2 3p6 4s2 3d10 4p6 5s2 4d10 5p6 6s2 4f14 5d10 6p6 7s2 5f7 6d1,[Rn] 5f7 6d1 7s2,NA,7,"Silvery Metallic, Glows Purple In The Dark",10,10,13.51,NA,NA,NA,NA,NA,NA,1.28,3,581,NA,27.17,1944,"G. T. Seaborg, R. A. James, A. Ghiorso",247.07035,151,96,96
97,Bk,Berkelium,Actinide,No,Solid,Yes,3,7,f,1s2 2s2 2p6 3s2 3p6 4s2 3d10 4p6 5s2 4d10 5p6 6s2 4f14 5d10 6p6 7s2 5f9,[Rn] 5f9 7s2,NA,7,Silvery,11,10,14.79,NA,NA,NA,NA,NA,NA,1.3,3,601,10,-165.24,1949,"S. G. Thompson, A. Ghiorso, G. T. Seaborg (UC Berkeley)",247.07031,150,97,97
98,Cf,Californium,Actinide,No,Solid,Yes,3,7,f,1s2 2s2 2p6 3s2 3p6 4s2 3d10 4p6 5s2 4d10 5p6 6s2 4f14 5d10 6p6 7s2 5f10,[Rn] 5f10 7s2,NA,7,Silvery,12,10,15.1,NA,NA,NA,NA,NA,NA,1.3,3,608,NA,-97.31,1950,"S. G. Thompson, K. Street Jr., A. Ghiorso, G. T. Seaborg (UC Berkeley)",251.07959,153,98,98
99,Es,Einsteinium,Actinide,No,Solid,Yes,3,7,f,1s2 2s2 2p6 3s2 3p6 4s2 3d10 4p6 5s2 4d10 5p6 6s2 4f14 5d10 6p6 7s2 5f11,[Rn] 5f11 7s2,NA,7,Silver-Colored,13,10,8.84,NA,NA,NA,NA,NA,NA,1.3,3,619,NA,-28.6,1952,"A. Ghiorso et al. (Argonne Laboratory, Los Alamos Laboratory, UC Berkeley)",252.083,153,99,99
100,Fm,Fermium,Actinide,No,Solid,Yes,3,7,f,1s2 2s2 2p6 3s2 3p6 4s2 3d10 4p6 5s2 4d10 5p6 6s2 4f14 5d10 6p6 7s2 5f12,[Rn] 5f12 7s2,NA,7,NA,14,10,9.7,NA,NA,NA,NA,NA,NA,1.3,3,627,NA,33.96,1952,"A. Ghiorso et al. (Argonne Laboratory, Los Alamos Laboratory, UC Berkeley)",257.09511,157,100,100
101,Md,Mendelevium,Actinide,No,Solid,Yes,3,7,f,1s2 2s2 2p6 3s2 3p6 4s2 3d10 4p6 5s2 4d10 5p6 6s2 4f14 5d10 6p6 7s2 5f13,[Rn] 5f13 7s2,NA,7,NA,15,10,10.3,NA,NA,NA,NA,NA,NA,1.3,3,635,NA,93.91,1955,"A. Ghiorso, G. Harvey, R. Choppin, S. G. Thompson, G. T. Seaborg (Berkeley Radiation Laboratory)",258.09843,157,101,101
102,No,Nobelium,Actinide,No,Solid,Yes,3,7,f,1s2 2s2 2p6 3s2 3p6 4s2 3d10 4p6 5s2 4d10 5p6 6s2 4f14 5d10 6p6 7s2 5f14,[Rn] 5f14 7s2,NA,7,NA,16,10,9.9,NA,NA,NA,NA,NA,NA,1.3,2,642,NA,-223.22,1966,"E. D. Donets, V. A. Shchegolev, V. A. Ermakov (JINR Dubna)",259.101,157,102,102
103,Lr,Lawrencium,Actinide,No,Solid,Yes,3,7,f,1s2 2s2 2p6 3s2 3p6 4s2 3d10 4p6 5s2 4d10 5p6 6s2 4f14 5d10 6p6 7s2 5f14 7p1,[Rn] 5f14 7s2 7p1,NA,7,NA,17,10,15.6,NA,NA,NA,NA,NA,NA,1.3,3,470,NA,-30.04,1961,"A. Ghiorso, T. Sikkeland, E. Larsh, M. Latimer (Berkeley Radiation Laboratory)",266.12,159,103,103
104,Rf,Rutherfordium,Transition metal,No,Solid,Yes,4,7,d,1s2 2s2 2p6 3s2 3p6 4s2 3d10 4p6 5s2 4d10 5p6 6s2 4f14 5d10 6p6 7s2 5f14 6d2,[Rn] 5f14 6d2 7s2,NA,7,NA,4,7,23.2,NA,NA,NA,NA,NA,NA,NA,"3,4",580,NA,NA,1969,"A. Ghiorso et al. (Berkeley Radiation Laboratory), I. Zvara et al. (JINR Dubna)",267.122,157,104,104
105,Db,Dubnium,Transition metal,No,Solid,Yes,5,7,d,1s2 2s2 2p6 3s2 3p6 4s2 3d10 4p6 5s2 4d10 5p6 6s2 4f14 5d10 6p6 7s2 5f14 6d3,[Rn] 5f14 6d3 7s2,NA,7,NA,5,7,29.3,NA,NA,NA,NA,NA,NA,NA,5,NA,NA,NA,1970,"A. Ghiorso et al. (Berkeley Radiation Laboratory), V. A. Druin et al. (JINR Dubna)",268.126,157,105,105
106,Sg,Seaborgium,Transition metal,No,Solid,Yes,6,7,d,1s2 2s2 2p6 3s2 3p6 4s2 3d10 4p6 5s2 4d10 5p6 6s2 4f14 5d10 6p6 7s2 5f14 6d4,[Rn] 5f14 6d4 7s2,NA,7,NA,6,7,35,NA,NA,NA,NA,NA,NA,NA,"4,6",NA,NA,NA,1974,A. Ghiorso et al. (Berkeley Radiation Laboratory),269.128,160,106,106
107,Bh,Bohrium,Transition metal,No,Solid,Yes,7,7,d,1s2 2s2 2p6 3s2 3p6 4s2 3d10 4p6 5s2 4d10 5p6 6s2 4f14 5d10 6p6 7s2 5f14 6d5,[Rn] 5f14 6d5 7s2,NA,7,NA,7,7,37.1,NA,NA,NA,NA,NA,NA,NA,"3,4,5,7",NA,NA,NA,1981,G.Münzenberg et al. (GSI Darmstadt),270.133,157,107,107
108,Hs,Hassium,Transition metal,No,Solid,Yes,8,7,d,1s2 2s2 2p6 3s2 3p6 4s2 3d10 4p6 5s2 4d10 5p6 6s2 4f14 5d10 6p6 7s2 5f14 6d6,[Rn] 5f14 6d6 7s2,NA,7,NA,8,7,40.7,NA,NA,NA,NA,NA,NA,NA,"2,4,6,8",NA,NA,NA,1984,"G. Münzenberg, P. Armbruster et al. (GSI Darmstadt)",269.1336,159,108,108
109,Mt,Meitnerium,Transition metal,No,Solid,Yes,9,7,d,1s2 2s2 2p6 3s2 3p6 4s2 3d10 4p6 5s2 4d10 5p6 6s2 4f14 5d10 6p6 7s2 5f14 6d7,[Rn] 5f14 6d7 7s2,NA,7,NA,9,7,37.4,NA,NA,NA,NA,NA,NA,NA,"1,3,6",NA,NA,NA,1982,"G. Münzenberg, P. Armbruster et al. (GSI Darmstadt)",277.154,159,109,109
110,Ds,Darmstadtium,Transition metal,No,Solid,Yes,10,7,d,1s2 2s2 2p6 3s2 3p6 4s2 3d10 4p6 5s2 4d10 5p6 6s2 4f14 5d10 6p6 7s2 5f14 6d8,[Rn] 5f14 6d8 7s2,NA,7,NA,10,7,34.8,NA,NA,NA,NA,NA,NA,NA,"0,2,8",NA,NA,NA,1994,S. Hofmann et al. (GSI Darmstadt),282.166,161,110,110
111,Rg,Roentgenium,Transition metal,No,Solid,Yes,11,7,d,1s2 2s2 2p6 3s2 3p6 4s2 3d10 4p6 5s2 4d10 5p6 6s2 4f14 5d10 6p6 7s2 5f14 6d9,[Rn] 5f14 6d9 7s2,NA,7,NA,11,7,28.7,NA,NA,NA,NA,NA,NA,NA,3,NA,NA,151,1994,S. Hofmann et al. (GSI Darmstadt),282.169,161,111,111
112,Cn,Copernicium,Transition metal,No,Solid,Yes,12,7,d,1s2 2s2 2p6 3s2 3p6 4s2 3d10 4p6 5s2 4d10 5p6 6s2 4f14 5d10 6p6 7s2 5f14 6d10,[Rn] 5f14 6d10 7s2,NA,7,NA,12,7,23.7,NA,NA,NA,NA,NA,NA,NA,"0,1,2,4",NA,NA,NA,1996,S. Hofmann et al. (GSI Darmstadt),286.179,173,112,112
113,Nh,Nihonium,Post-transition metal,No,Solid,Yes,13,7,p,1s2 2s2 2p6 3s2 3p6 4s2 3d10 4p6 5s2 4d10 5p6 6s2 4f14 5d10 6p6 7s2 5f14 6d10 7p1,[Rn] 5f14 6d10 7s2 7p1,3,7,NA,13,7,16,NA,NA,NA,NA,NA,NA,NA,"1,3",NA,NA,66.6,2004,"Y. Oganessian et al. (JINR Dubna), K. Morita et al. (RIKEN Wako, Japan)",286.182,171,113,113
114,Fl,Flerovium,Post-transition metal,No,Solid,Yes,14,7,p,1s2 2s2 2p6 3s2 3p6 4s2 3d10 4p6 5s2 4d10 5p6 6s2 4f14 5d10 6p6 7s2 5f14 6d10 7p2,[Rn] 5f14 6d10 7s2 7p2,4,7,NA,14,7,14,NA,NA,NA,NA,NA,NA,NA,2,NA,NA,NA,1999,Y. Oganessian et al. (JINR Dubna),290.192,175,114,114
115,Mc,Moscovium,Post-transition metal,No,Solid,Yes,15,7,p,1s2 2s2 2p6 3s2 3p6 4s2 3d10 4p6 5s2 4d10 5p6 6s2 4f14 5d10 6p6 7s2 5f14 6d10 7p3,[Rn] 5f14 6d10 7s2 7p3,5,7,NA,15,7,13.5,NA,NA,NA,NA,NA,NA,NA,"1,3",NA,NA,35.3,2003,Y. Oganessian et al. (JINR Dubna),290.196,173,115,115
116,Lv,Livermorium,Post-transition metal,No,Solid,Yes,16,7,p,1s2 2s2 2p6 3s2 3p6 4s2 3d10 4p6 5s2 4d10 5p6 6s2 4f14 5d10 6p6 7s2 5f14 6d10 7p4,[Rn] 5f14 6d10 7s2 7p4,6,7,NA,16,7,12.9,NA,NA,NA,NA,NA,NA,NA,2,NA,NA,74.9,2000,Y. Oganessian et al. (JINR Dubna),293.205,176,116,116
117,Ts,Tennessine,Halogen,No,Solid,Yes,17,7,p,1s2 2s2 2p6 3s2 3p6 4s2 3d10 4p6 5s2 4d10 5p6 6s2 4f14 5d10 6p6 7s2 5f14 6d10 7p5,[Rn] 5f14 6d10 7s2 7p5,7,7,NA,17,7,7.2,NA,NA,NA,NA,NA,NA,NA,"1,3",NA,NA,165.9,2009,Y. Oganessian et al. (JINR Dubna),294.211,178,117,117
118,Og,Oganesson,Noble gas,No,Gas,Yes,18,7,p,1s2 2s2 2p6 3s2 3p6 4s2 3d10 4p6 5s2 4d10 5p6 6s2 4f14 5d10 6p6 7s2 5f14 6d10 7p6,[Rn] 5f14 6d10 7s2 7p6,8,7,NA,18,7,5,NA,NA,NA,NA,NA,NA,NA,"2,4",NA,NA,5.403,2002,Y. Oganessian et al. (JINR Dubna),295.216,176,118,118
